<?xml version="1.0" encoding="UTF-8"?>
<metadata xml:lang="en"><Esri><CreaDate>20190309</CreaDate><CreaTime>18163100</CreaTime><ArcGISFormat>1.0</ArcGISFormat><SyncOnce>TRUE</SyncOnce><DataProperties><itemProps><itemLocation><linkage Sync="TRUE">file://\\CPOLLARD\D$\_data\_________WebGIS\Assignments\National Parks\_archived\nps_boundary_centroids</linkage><protocol Sync="TRUE">Local Area Network</protocol></itemLocation></itemProps><copyHistory><copy source="D:\_data\_________WebGIS\Assignments\National Parks\nps_boundary_centroids" dest="\\CPOLLARD\D$\_data\_________WebGIS\Assignments\National Parks\_archived\nps_boundary_centroids" date="20190309" time="18140000"></copy></copyHistory></DataProperties></Esri></metadata>
